Number,"Time (seconds)","Distance (meters)","Pace (seconds)",Watts,Cal/Hr,"Stroke Rate","Heart Rate"
1,3.2,9.7,160.5,85,591,28,85
2,5.4,16.9,153.6,97,632,27,85
3,7.4,23.9,143.7,118,705,30,86
4,9.5,31.3,140.4,126,735,29,87
5,11.5,38.5,140.4,126,735,29,89
6,13.6,46.5,135.1,142,788,28,90
7,15.8,54.5,137.2,136,766,27,92
8,17.9,62.1,138.1,133,757,29,95
9,20.0,69.6,137.3,135,765,29,98
10,22.0,77.3,133.1,148,810,30,99
11,24.1,85.2,133.1,148,810,29,100
12,26.2,93.0,133.8,146,802,29,100
13,28.3,101.0,134.1,145,799,28,101
14,30.4,108.9,134.1,145,799,28,101
15,32.4,116.7,131.3,155,832,29,102
16,34.5,124.8,131.3,155,832,29,102
17,36.6,132.9,130.9,156,837,29,104
18,38.7,141.0,128.2,166,871,29,105
19,40.7,149.3,126.0,175,902,29,106
20,42.9,157.8,126.1,175,900,29,107
21,45.0,166.3,126.3,174,897,28,109
22,47.1,174.6,126.8,172,890,29,109
23,49.2,183.0,127.1,170,886,28,112
24,51.3,191.4,124.7,180,921,29,114
25,53.4,199.7,124.5,181,924,29,116
26,55.5,208.1,124.9,180,918,29,119
27,57.5,216.3,125.1,179,915,29,122
28,59.6,224.9,125.1,179,915,29,125
29,61.7,233.6,122.4,191,956,28,127
30,63.9,242.3,124.7,180,921,28,129
31,66.0,250.8,123.5,186,939,28,131
32,68.2,259.9,121.8,194,966,28,133
33,70.3,268.6,119.5,205,1005,29,133
34,72.4,277.4,119.7,204,1002,28,133
35,74.5,285.9,119.7,204,1002,28,134
36,76.6,294.6,122.6,190,953,29,134
37,78.6,303.1,122.9,189,948,28,134
38,80.7,311.6,121.5,195,971,29,135
39,82.8,320.3,121.9,193,964,29,137
40,84.8,328.6,121.8,194,966,29,137
41,86.9,337.0,122.2,192,960,29,137
42,89.0,345.6,121.9,193,964,29,136
43,91.1,354.0,123.3,187,942,29,136
44,93.1,362.3,121.5,195,971,30,135
45,95.2,370.9,122.0,193,963,29,135
46,97.2,379.0,123.8,184,934,30,137
47,99.2,387.3,123.2,187,944,29,139
48,101.2,395.7,121.5,195,971,30,143
49,103.3,404.1,122.9,189,948,29,145
50,105.4,412.7,123.3,187,942,29,145
51,107.5,421.1,125.0,179,916,28,145
52,109.6,429.5,125.0,179,916,28,145
53,111.8,438.2,123.8,184,934,28,144
54,113.8,446.4,124.0,184,931,29,142
55,115.9,455.2,123.9,184,933,28,140
56,118.1,463.9,123.9,184,933,28,139
57,120.2,472.0,125.3,178,912,29,139
58,122.3,480.5,124.1,183,930,28,138
59,124.4,489.3,124.1,183,930,28,137
60,126.5,497.5,124.4,182,925,28,137
61,128.6,506.0,124.5,181,924,29,136
62,130.7,514.6,124.5,181,924,28,135
63,132.8,523.0,125.2,178,913,28,134
64,134.9,531.5,124.7,180,921,29,133
65,137.2,540.4,126.5,173,895,27,133
66,139.3,548.7,126.5,173,895,27,135
67,141.4,557.4,125.2,178,913,28,136
68,143.6,566.0,123.7,185,936,28,138
69,145.7,574.8,123.7,185,936,28,139
70,147.9,583.5,125.1,179,915,28,140
71,150.0,592.1,125.1,179,915,28,141
72,152.2,600.7,127.3,170,883,28,141
73,154.4,609.4,128.4,165,869,27,141
74,156.5,617.5,126.5,173,895,29,141
75,158.6,626.3,126.5,173,895,29,139
76,160.7,634.9,122.9,189,948,28,140
77,162.8,643.4,123.6,185,937,28,140
78,165.0,651.9,126.0,175,902,28,140
79,167.1,660.3,126.0,175,902,28,141
80,169.2,668.9,127.3,170,883,28,141
81,171.3,677.7,123.7,185,936,29,140
82,173.4,686.2,122.4,191,956,29,140
83,175.5,694.7,122.4,191,956,29,141
84,177.6,703.2,122.5,190,955,29,141
85,179.6,711.7,121.8,194,966,29,142
86,181.8,720.5,123.8,184,934,28,142
87,183.9,728.9,125.9,175,903,28,143
88,185.9,737.0,126.0,175,902,29,143
89,188.0,745.5,124.8,180,919,29,143
90,190.1,753.8,124.8,180,919,29,143
91,192.2,762.0,126.3,174,897,29,143
92,194.2,770.0,126.0,175,902,29,144
93,196.3,778.3,126.6,172,893,29,144
94,198.4,786.5,128.0,167,874,29,144
95,200.5,794.6,128.0,167,874,29,144
96,202.5,802.8,127.0,171,888,29,145
97,204.6,811.2,125.7,176,906,29,145
98,206.7,819.3,125.8,176,905,28,145
99,208.8,827.7,127.0,171,888,28,147
100,211.0,836.3,126.7,172,892,28,147
101,213.1,844.8,122.9,189,948,29,148
102,215.1,853.2,123.4,186,941,29,148
103,217.2,861.6,124.7,180,921,29,148
104,219.3,870.4,118.7,209,1020,29,148
105,221.5,879.5,118.7,209,1020,29,148
106,223.6,888.5,119.9,203,998,28,148
107,225.6,896.8,119.9,203,998,28,148
108,227.8,905.5,124.6,181,922,28,147
109,229.9,913.9,124.4,182,925,29,147
110,232.0,922.5,125.7,176,906,28,146
111,234.2,931.0,126.1,175,900,28,147
112,236.3,939.1,128.5,165,867,29,148
113,238.4,947.3,128.5,165,867,29,148
114,242.2,955.4,129.3,162,857,29,148
115,244.3,963.9,127.9,167,875,29,149
116,246.5,972.3,129.6,161,853,29,150
117,248.9,980.1,150.3,103,654,29,150
118,251.4,987.6,165.9,77,563,29,150
119,253.9,995.0,173.1,67,532,29,151
120,256.5,1002.4,174.3,66,527,29,151
121,259.0,1009.7,175.7,65,522,29,151
122,261.5,1016.9,173.2,67,531,29,151
123,264.0,1024.2,173.2,67,531,29,151
124,266.5,1031.6,168.3,73,552,29,151
125,268.9,1038.7,165.5,77,565,29,151
126,271.4,1046.2,165.5,77,565,29,151
127,273.7,1053.6,162.5,82,580,29,151
128,276.3,1061.7,159.0,87,599,29,150
129,278.8,1069.5,159.0,87,599,29,150
130,281.3,1077.3,160.6,84,590,29,150
131,283.7,1084.9,160.6,84,590,29,150
132,286.3,1093.1,160.2,85,592,29,149
133,288.8,1101.2,157.2,90,610,29,147
134,291.1,1108.7,155.4,93,620,29,145
135,293.5,1116.3,158.8,87,600,29,145
136,295.9,1123.9,159.8,86,595,29,145
137,298.4,1131.6,159.8,86,595,29,145
138,300.8,1139.1,160.3,85,592,29,145
139,303.2,1146.6,160.9,84,589,29,145
140,305.7,1154.3,160.9,84,589,29,145
141,308.1,1162.0,159.6,86,596,29,146
142,310.5,1169.5,161.9,82,583,29,146
143,313.0,1177.1,161.9,82,583,29,146
144,315.3,1184.5,161.3,83,587,29,145
145,317.8,1192.1,159.6,86,596,29,144
146,320.1,1199.6,155.4,93,620,29,144
147,322.5,1207.2,155.4,93,620,29,143
148,324.9,1215.0,158.6,88,601,29,143
149,327.3,1222.6,157.8,89,606,29,142
150,329.7,1230.3,157.8,89,606,29,141
151,332.1,1237.9,158.4,88,603,29,140
152,334.5,1245.7,156.2,92,616,29,139
153,336.8,1253.2,156.8,91,612,29,137
154,339.2,1260.8,156.6,91,613,29,137
155,341.6,1268.4,155.6,93,619,29,137
156,343.9,1276.0,155.6,93,619,29,137
157,346.4,1283.9,158.4,88,603,29,137
158,348.7,1291.1,159.5,86,596,29,137
159,351.0,1298.5,158.5,88,602,29,138
160,353.4,1305.8,160.2,85,592,29,139
161,355.7,1313.1,161.3,83,587,29,140
162,358.1,1320.5,161.3,83,587,29,140
163,360.5,1327.9,162.4,82,581,29,141
164,362.8,1335.3,162.3,82,581,29,142
165,365.2,1342.7,162.5,82,580,29,142
166,367.5,1349.7,162.8,81,579,29,142
167,369.8,1356.8,162.9,81,578,29,142
168,372.1,1364.0,163.0,81,578,29,140
169,374.5,1371.2,165.1,78,567,29,140
170,376.8,1378.4,165.1,78,567,29,140
171,379.2,1385.8,161.7,83,584,29,140
172,381.6,1393.5,155.4,93,620,29,140
173,383.9,1401.0,155.8,93,618,29,139
174,386.2,1408.0,162.7,81,579,29,139
175,388.4,1414.9,161.3,83,587,29,136
176,390.6,1422.2,158.5,88,602,29,134
177,392.9,1429.5,154.9,94,624,29,131
178,395.2,1437.2,153.2,97,635,29,130
179,397.6,1445.0,154.0,96,629,29,130
180,399.9,1452.6,155.8,93,618,29,130
181,402.2,1460.1,152.0,100,643,29,131
182,404.6,1467.9,152.0,100,643,29,131
183,406.9,1475.5,152.6,98,638,29,131
184,409.2,1483.2,153.4,97,633,29,132
185,411.5,1490.5,152.9,98,636,29,132
186,413.7,1497.8,157.4,90,608,29,132
187,416.0,1505.0,156.4,91,614,29,132
188,418.3,1512.6,156.1,92,616,29,133
189,420.7,1520.2,155.9,92,617,29,133
190,0.0,0.8,155.9,92,617,29,134
191,0.8,3.9,138.9,131,749,,134
192,3.0,12.0,135.6,140,783,27,134
193,5.2,20.1,137.7,134,761,27,134
194,7.5,28.2,137.7,134,761,27,134
195,9.7,36.5,134.4,144,796,27,134
196,11.9,45.0,134.4,144,796,27,135
197,14.0,53.4,128.0,167,874,29,135
198,16.1,61.4,130.2,159,845,29,136
199,18.2,69.4,131.7,153,827,29,135
200,20.2,77.2,131.7,153,827,29,135
201,22.3,85.4,129.5,161,854,28,135
202,24.4,93.5,130.0,159,848,29,135
203,26.5,101.4,131.4,154,830,29,135
204,28.6,109.6,131.4,154,830,29,135
205,30.8,117.9,132.0,152,823,28,136
206,33.2,127.0,129.1,163,859,26,136
207,35.4,135.8,129.1,163,859,26,136
208,37.6,144.4,129.5,161,854,27,136
209,39.8,152.8,129.5,161,854,27,136
210,42.0,161.2,129.4,162,855,28,138
211,44.1,169.6,129.4,162,855,28,137
212,46.3,178.1,129.1,163,859,28,136
213,48.4,186.4,129.1,163,859,28,135
214,50.6,194.9,128.7,164,865,27,135
215,52.7,203.0,129.7,160,852,29,136
216,54.8,211.2,129.9,160,849,28,139
217,57.0,219.5,129.9,160,849,28,141
218,59.2,227.6,133.4,147,807,28,143
219,61.3,235.8,133.4,147,807,28,144
220,63.5,244.1,133.0,149,812,27,145
221,65.7,252.4,133.0,149,812,27,147
222,67.9,260.7,130.0,159,848,28,147
223,70.0,269.2,129.8,160,850,28,149
224,72.2,277.5,129.4,162,855,28,149
225,74.3,285.7,129.4,162,855,28,148
226,76.5,293.8,130.6,157,840,28,148
227,78.6,302.0,132.7,150,815,28,148
228,80.9,310.5,133.4,147,807,27,150
229,83.2,318.9,133.4,147,807,27,150
230,85.4,327.6,132.2,151,821,26,151
231,87.6,336.4,132.2,151,821,26,151
232,89.6,344.5,122.7,189,952,28,152
233,91.7,352.8,125.1,179,915,30,152
234,93.9,361.0,129.9,160,849,28,153
235,95.9,369.1,128.9,163,862,29,153
236,97.9,377.1,128.9,163,862,29,152
237,100.0,385.4,127.0,171,888,29,152
238,102.1,393.6,129.3,162,857,29,152
239,104.1,401.3,128.3,166,870,30,151
240,106.1,409.1,128.3,166,870,30,151
241,108.2,416.9,129.6,161,853,30,151
242,110.2,424.9,128.8,164,863,29,151
243,112.2,432.7,129.7,160,852,30,152
244,114.2,440.4,130.4,158,843,30,152
245,116.2,448.1,130.4,158,843,30,151
246,118.2,455.7,130.3,158,844,30,151
247,120.3,463.5,131.5,154,829,29,151
248,122.3,471.1,133.5,147,806,30,151
249,124.3,478.6,133.5,147,806,30,150
250,126.3,486.5,132.5,150,817,31,151
251,128.4,494.5,130.6,157,840,29,151
252,130.5,502.3,130.6,157,840,29,151
253,132.5,510.2,131.3,155,832,29,152
254,134.6,518.5,129.6,161,853,30,152
255,136.7,526.8,128.1,167,873,28,152
256,138.7,534.6,128.1,167,873,28,153
257,140.8,542.8,128.1,167,873,30,153
258,142.9,551.3,127.2,170,885,29,154
259,145.0,559.8,126.0,175,902,28,155
260,147.2,568.1,128.2,166,871,28,155
261,149.2,576.1,128.2,166,871,28,155
262,151.4,584.4,129.5,161,854,29,155
263,153.5,592.9,128.3,166,870,28,155
264,155.6,600.9,129.4,162,855,29,154
265,157.7,608.9,128.4,165,869,29,154
266,159.8,617.1,131.2,155,833,28,156
267,161.9,625.0,133.9,146,801,29,156
268,164.0,632.8,132.6,150,816,29,156
269,166.0,640.9,128.3,166,870,29,156
270,168.0,648.7,127.4,169,882,30,156
271,170.0,656.5,127.4,169,882,30,155
272,172.1,664.5,128.4,165,869,30,155
273,174.1,672.2,129.0,163,861,30,154
274,176.1,680.2,128.7,164,865,29,154
275,178.1,687.9,129.8,160,850,30,153
276,180.1,695.6,131.9,153,824,30,153
277,182.1,702.9,134.7,143,792,31,153
278,184.1,710.6,129.8,160,850,30,153
279,186.2,718.7,130.1,159,847,29,152
280,188.3,726.6,131.5,154,829,29,151
281,190.3,734.6,130.5,157,841,29,151
282,192.4,742.8,128.0,167,874,29,151
283,194.4,750.7,128.0,167,874,29,151
284,196.3,758.5,124.5,181,924,31,151
285,198.2,766.4,124.5,181,924,31,151
286,200.2,774.4,122.6,190,953,31,152
287,202.2,782.4,123.0,188,947,30,152
288,204.1,790.1,124.9,180,918,31,152
289,206.1,798.2,124.9,180,918,31,153
290,208.0,806.1,124.5,181,924,31,153
291,210.0,814.0,127.9,167,875,30,153
292,212.0,821.5,127.9,167,875,30,154
293,213.9,829.4,122.0,193,963,31,154
294,215.8,837.2,122.8,189,950,32,154
295,217.7,845.2,123.9,184,933,30,154
296,219.8,853.3,123.9,184,933,30,154
297,221.8,861.2,123.5,186,939,30,155
298,223.8,869.0,128.0,167,874,30,154
299,225.8,876.9,127.1,170,886,30,154
300,227.8,884.7,127.7,168,878,30,154
301,229.8,892.6,127.7,168,878,30,154
302,231.8,900.5,126.9,171,889,30,153
303,233.8,908.4,127.1,170,886,30,153
304,235.8,916.3,129.1,163,859,30,153
305,237.8,924.1,129.1,163,859,30,152
306,240.0,932.5,128.9,163,862,28,152
307,242.2,940.3,128.9,163,862,28,152
308,242.2,957.2,259.4,20,369,28,150
309,243.5,969.5,276.4,17,357,28,147
310,245.9,975.0,213.0,36,424,28,146
311,248.6,981.6,203.0,42,443,28,146
312,251.4,988.6,205.0,41,439,28,145
313,254.0,995.1,203.2,42,443,28,144
314,256.4,1001.3,194.4,48,463,28,142
315,258.8,1007.5,194.2,48,464,28,142
316,261.3,1013.8,194.2,48,464,28,141
317,263.8,1020.8,192.8,49,468,28,140
318,266.3,1028.6,164.0,79,573,28,140
319,268.9,1036.9,155.1,94,622,28,141
320,271.4,1043.9,155.1,94,622,28,141
321,273.9,1050.8,178.7,61,511,28,140
322,276.3,1057.9,178.7,61,511,28,141
323,278.8,1064.7,179.2,61,509,28,141
324,281.2,1071.7,177.1,63,516,28,140
325,283.7,1078.9,170.7,70,542,28,140
326,286.1,1086.0,169.9,71,545,28,140
327,288.4,1093.4,161.3,83,587,28,140
328,290.7,1100.5,161.3,83,587,28,140
329,292.9,1107.4,161.0,84,588,28,140
330,295.2,1114.4,162.6,81,580,28,139
331,297.5,1121.5,163.0,81,578,28,138
332,299.9,1128.8,164.5,79,570,28,138
333,302.3,1136.1,164.5,79,570,28,137
334,304.6,1143.6,160.4,85,591,28,137
335,307.0,1151.2,158.6,88,601,28,136
336,309.4,1158.7,158.0,89,605,28,136
337,311.8,1166.3,158.0,89,605,28,136
338,314.2,1174.0,156.7,91,613,28,135
339,316.6,1181.7,155.3,93,621,28,135
340,318.9,1189.4,155.3,93,621,28,136
341,321.3,1197.1,155.3,93,621,28,136
342,323.7,1204.7,156.4,91,614,28,136
343,326.0,1212.3,153.7,96,631,28,136
344,328.2,1219.6,153.7,96,631,28,136
345,330.5,1227.0,154.4,95,627,28,136
346,332.9,1234.9,154.4,95,627,28,136
347,335.3,1242.8,153.2,97,635,28,137
348,337.7,1250.7,155.0,94,623,28,139
349,340.1,1258.6,155.0,94,623,28,140
350,342.6,1266.7,150.6,102,652,28,142
351,345.0,1274.9,150.6,102,652,28,143
352,347.5,1282.9,151.9,100,643,28,144
353,349.9,1290.9,152.9,98,636,28,147
354,352.3,1298.7,155.0,94,623,28,147
355,354.6,1306.3,156.2,92,616,28,148
356,356.9,1313.7,155.8,93,618,28,149
357,359.2,1321.2,155.2,94,622,28,148
358,361.6,1328.9,155.7,93,619,28,147
359,364.0,1336.6,155.7,93,619,28,140
360,366.4,1344.5,154.5,95,626,28,139
361,368.9,1352.6,154.5,95,626,28,138
362,371.2,1360.1,155.4,93,620,28,137
363,373.5,1367.4,156.2,92,616,28,137
364,375.9,1375.3,156.3,92,615,28,137
365,378.3,1383.2,156.3,92,615,28,137
366,380.7,1391.1,152.9,98,636,28,137
367,383.1,1398.9,152.9,98,636,28,136
368,385.4,1406.6,152.0,100,643,28,134
369,387.7,1414.3,149.9,104,657,28,134
370,390.0,1422.0,149.0,106,664,28,134
371,392.3,1429.7,151.3,101,647,28,135
372,394.6,1437.7,148.9,106,664,28,135
373,396.9,1445.5,148.9,106,664,28,135
374,0.0,0.0,149.6,105,659,28,134
375,0.6,2.1,0.0,,,,134
376,2.8,10.1,145.0,115,695,26,134
377,5.1,18.7,132.7,150,815,26,134
378,7.3,26.7,136.2,139,776,27,135
379,9.7,35.4,136.2,139,776,27,135
380,12.0,43.7,140.3,127,736,26,138
381,14.3,52.1,137.5,135,763,26,137
382,16.6,60.5,137.5,135,763,26,138
383,18.9,69.1,135.1,142,788,26,139
384,21.2,77.4,136.3,138,775,26,140
385,23.5,85.8,135.6,140,783,27,141
386,25.6,93.9,135.6,140,783,27,142
387,27.8,102.1,129.9,160,849,28,142
388,29.9,110.2,130.7,157,839,29,143
389,32.1,118.4,130.7,157,839,29,144
390,34.1,126.3,133.0,149,812,28,145
391,36.3,134.5,131.7,153,827,28,145
392,38.5,142.9,131.7,153,827,28,146
393,40.6,150.8,131.9,153,824,28,145
394,42.8,158.9,134.2,145,798,28,145
395,44.9,167.0,133.3,148,808,28,146
396,47.1,175.1,133.3,148,808,28,146
397,49.2,182.9,134.2,145,798,28,146
398,51.3,190.9,133.7,146,804,29,146
399,53.4,199.3,130.8,156,838,27,147
400,55.6,207.4,132.7,150,815,28,147
401,57.7,215.3,132.7,150,815,28,147
402,59.7,223.2,132.8,149,814,28,147
403,61.9,231.5,131.7,153,827,28,147
404,64.1,239.9,130.7,157,839,27,147
405,66.2,248.0,130.7,157,839,27,149
406,68.3,256.1,129.7,160,852,29,149
407,70.4,264.5,130.1,159,847,28,149
408,72.6,272.8,130.9,156,837,28,149
409,74.7,280.8,129.5,161,854,29,148
410,76.8,289.4,122.0,193,963,28,149
411,78.8,297.6,122.3,191,958,30,149
412,80.8,305.8,126.4,173,896,29,150
413,82.9,313.7,128.7,164,865,29,150
414,84.8,321.4,128.7,164,865,29,150
415,86.9,329.4,127.6,168,879,31,151
416,88.9,337.6,128.1,167,873,29,151
417,90.9,345.4,127.6,168,879,29,152
418,93.0,353.3,129.1,163,859,30,153
419,95.0,361.3,126.9,171,889,30,153
420,97.0,369.1,126.9,171,889,30,153
421,99.0,377.0,126.8,172,890,30,154
422,101.0,385.1,127.8,168,877,29,156
423,103.2,393.4,127.8,168,877,29,157
424,105.4,402.1,127.0,171,888,27,158
425,107.5,410.4,126.7,172,892,29,159
426,109.6,418.8,126.7,172,892,29,160
427,111.7,427.3,126.7,172,892,28,160
428,113.8,435.4,126.1,175,900,29,160
429,116.0,443.7,130.5,157,841,28,162
430,118.1,452.0,130.4,158,843,28,163
431,120.3,460.4,130.4,158,843,28,163
432,122.4,468.9,127.2,170,885,28,164
433,124.5,477.3,125.6,177,907,29,165
434,126.6,485.7,125.7,176,906,28,165
435,128.8,494.2,125.7,176,906,28,165
436,130.9,502.5,126.5,173,895,28,165
437,132.9,510.7,126.0,175,902,29,165
438,135.0,519.0,125.9,175,903,29,164
439,137.2,527.5,126.4,173,896,28,165
440,139.2,535.7,126.4,173,896,28,164
441,141.3,544.1,126.7,172,892,28,164
442,143.4,552.1,126.7,172,892,28,164
443,145.5,560.3,129.1,163,859,29,164
444,147.5,568.3,129.1,163,859,29,163
445,149.6,576.5,127.7,168,878,29,163
446,151.6,584.3,129.4,162,855,30,163
447,153.7,592.3,130.7,157,839,29,163
448,155.8,600.2,130.9,156,837,29,164
449,157.8,608.0,130.5,157,841,29,165
450,159.9,616.0,131.9,153,824,29,166
451,162.0,623.9,131.2,155,833,29,167
452,164.0,631.7,130.2,159,845,30,167
453,166.1,639.9,127.7,168,878,29,167
454,168.1,648.1,125.5,177,909,29,167
455,170.3,656.8,122.9,189,948,28,167
456,172.3,665.5,122.9,189,948,28,166
457,174.5,674.5,120.2,202,993,29,165
458,176.5,683.3,117.1,218,1050,29,165
459,178.5,691.9,117.1,218,1050,30,164
460,180.6,700.7,117.7,215,1038,29,164
461,182.6,709.2,118.0,213,1033,30,165
462,184.6,717.7,118.0,213,1033,30,164
463,186.6,726.4,116.0,224,1071,30,164
464,188.5,734.9,116.0,224,1071,30,164
465,190.5,743.7,115.0,230,1092,31,165
466,192.5,752.3,113.7,238,1119,31,165
467,194.5,761.2,115.9,225,1073,29,164
468,196.5,769.4,115.9,225,1073,29,164
469,198.4,777.5,120.3,201,991,32,164
470,200.3,785.4,117.5,216,1042,32,164
471,202.2,793.6,120.8,199,983,30,165
472,204.2,801.6,120.8,199,983,30,165
473,206.1,809.8,120.3,201,991,31,165
474,208.1,818.0,120.2,202,993,30,166
475,210.1,826.3,120.2,202,993,30,168
476,212.1,834.3,122.7,189,952,30,169
477,214.1,842.6,122.7,189,952,30,169
478,216.1,850.9,121.6,195,969,30,170
479,218.0,859.1,116.9,219,1054,31,171
480,219.9,867.4,117.0,219,1052,31,172
481,221.9,875.9,118.4,211,1025,30,173
482,223.9,884.3,118.4,211,1025,30,173
483,225.9,892.7,118.9,208,1016,30,173
484,227.8,900.7,117.6,215,1040,32,173
485,229.7,908.4,125.0,179,916,31,174
486,231.5,916.0,125.0,179,916,31,174
487,233.5,924.5,113.5,239,1123,31,175
488,235.4,933.0,113.5,239,1123,31,175
489,237.4,941.2,121.0,198,979,31,174
490,239.3,949.4,117.7,215,1038,31,174
491,242.1,957.7,117.7,215,1038,31,174
492,244.6,966.0,121.9,193,964,31,175
493,247.4,973.7,174.5,66,526,31,175
494,249.9,980.7,174.5,66,526,31,175
495,252.4,987.5,186.1,54,486,31,175
496,255.0,994.2,190.3,51,474,31,176
497,257.5,1000.8,189.1,52,478,31,175
498,259.9,1007.4,189.1,52,478,31,174
499,262.4,1014.1,185.8,55,487,31,173
500,264.8,1020.7,181.6,58,501,31,173
501,267.2,1027.4,181.6,58,501,31,170
502,269.6,1033.9,180.7,59,504,31,169
503,272.0,1040.6,178.6,61,511,31,168
504,274.3,1047.4,176.9,63,517,31,167
505,276.6,1054.1,173.7,67,529,31,165
506,279.0,1060.8,173.7,67,529,31,164
507,281.4,1068.1,170.3,71,543,31,160
508,283.9,1075.5,170.3,71,543,31,159
509,286.3,1082.9,166.2,76,562,31,157
510,288.7,1090.2,164.4,79,571,31,156
511,291.0,1097.5,161.5,83,585,31,155
512,293.4,1104.8,161.3,83,587,31,154
513,295.6,1111.9,161.3,83,587,31,154
514,297.9,1119.3,160.5,85,591,31,153
515,300.1,1126.3,155.8,93,618,31,152
516,302.5,1134.1,155.2,94,622,31,150
517,304.8,1141.5,156.1,92,616,31,149
518,307.0,1148.7,156.1,92,616,31,148
519,309.2,1156.0,151.0,102,649,31,147
520,311.5,1163.4,155.9,92,617,31,147
521,313.6,1170.3,155.9,92,617,31,146
522,315.8,1176.7,153.6,97,632,31,145
523,318.0,1183.5,170.0,71,545,31,145
524,320.2,1190.9,152.4,99,640,31,144
525,322.5,1198.7,146.2,112,685,31,143
526,324.8,1206.4,146.2,112,685,31,142
527,326.8,1213.3,145.1,115,694,31,142
528,329.0,1220.4,154.8,94,624,31,142
529,331.2,1227.8,154.8,94,624,31,142
530,333.3,1235.4,145.2,114,693,31,141
531,335.6,1243.4,141.2,124,727,31,141
532,337.8,1251.2,141.2,124,727,31,142
533,340.0,1258.4,150.0,104,656,31,143
534,342.2,1265.9,150.0,104,656,31,144
535,344.4,1273.4,147.2,110,677,31,144
536,346.7,1281.1,146.2,112,685,31,143
537,348.8,1288.7,146.2,112,685,31,143
538,351.0,1296.2,144.7,116,697,31,143
539,353.2,1303.8,143.1,119,711,31,143
540,355.3,1311.3,143.1,119,711,31,143
541,357.6,1319.3,144.1,117,702,31,143
542,359.8,1326.6,149.0,106,664,31,144
543,362.0,1334.0,151.6,100,645,31,145
544,364.1,1340.9,153.6,97,632,31,146
545,366.3,1348.3,153.6,97,632,31,148
546,368.6,1356.0,152.6,98,638,31,147
547,370.9,1363.8,148.1,108,670,31,147
548,373.2,1371.6,148.0,108,671,31,146
549,375.4,1378.8,153.7,96,631,31,145
550,377.5,1385.6,153.7,96,631,31,143
551,379.7,1392.5,159.0,87,599,31,143
552,382.0,1399.9,156.4,91,614,31,143
553,384.2,1407.5,156.4,91,614,31,144
554,386.4,1415.0,145.4,114,691,31,144
555,388.6,1422.1,145.4,114,691,31,143
556,390.8,1429.3,158.5,88,602,31,143
557,393.0,1436.3,157.0,90,611,31,142
558,395.1,1443.2,157.6,89,607,31,140
559,397.4,1450.4,155.9,92,617,31,140
560,399.6,1457.8,155.9,92,617,31,139
561,401.8,1464.8,155.2,94,622,31,139
562,404.0,1472.1,155.3,93,621,31,139
563,406.1,1479.0,153.7,96,631,31,139
564,408.3,1486.0,153.7,96,631,31,139
565,410.5,1493.1,154.7,95,625,31,139
566,412.5,1499.8,155.7,93,619,31,139
567,414.7,1506.6,155.8,93,618,31,139
568,416.8,1513.9,155.8,93,618,31,139
569,419.1,1521.4,150.0,104,656,31,138
570,0.0,0.0,150.0,104,656,31,139
571,0.8,3.3,129.7,160,852,,139
572,2.8,11.4,126.2,174,899,29,139
573,5.0,19.8,126.2,174,899,29,139
574,7.2,28.1,132.2,151,821,27,139
575,9.2,35.7,133.3,148,808,30,140
576,11.3,43.9,130.5,157,841,28,139
577,13.5,52.1,130.5,157,841,28,139
578,15.6,60.3,130.9,156,837,28,139
579,17.7,68.5,129.5,161,854,28,140
580,19.8,76.7,128.4,165,869,28,140
581,21.9,84.8,129.8,160,850,29,141
582,23.9,92.6,131.0,156,835,29,141
583,26.0,100.6,130.0,159,848,29,142
584,27.9,108.2,130.0,159,848,29,142
585,30.0,116.5,127.9,167,875,31,142
586,32.0,124.6,125.3,178,912,29,144
587,34.1,132.6,127.1,170,886,29,144
588,36.1,140.5,127.5,169,881,29,144
589,38.0,148.2,127.5,169,881,29,145
590,40.0,155.8,126.7,172,892,31,146
591,42.0,163.5,130.9,156,837,30,146
592,44.0,171.3,129.3,162,857,30,147
593,46.0,179.2,130.4,158,843,29,147
594,48.1,187.0,132.4,151,818,29,148
595,50.2,195.0,133.2,148,809,29,149
596,52.3,203.0,130.5,157,841,29,150
597,54.4,210.8,132.0,152,823,29,150
598,56.4,218.5,131.8,153,826,29,151
599,58.6,226.7,133.1,148,810,28,151
600,60.7,234.9,133.1,148,810,28,153
601,62.9,243.1,132.6,150,816,27,153
602,65.0,251.0,132.6,150,816,29,153
603,67.0,259.0,130.1,159,847,29,153
604,69.1,267.2,123.5,186,939,30,153
605,71.0,275.3,123.5,186,939,30,154
606,72.9,283.1,120.3,201,991,31,155
607,74.8,291.0,123.7,185,936,31,155
608,76.8,299.0,123.7,185,936,31,155
609,78.8,307.3,120.1,202,995,30,155
610,80.8,315.6,119.4,206,1007,30,156
611,82.7,323.6,122.0,193,963,31,156
612,84.6,331.6,121.7,194,968,31,156
613,86.5,339.3,121.7,194,968,31,156
614,88.4,346.8,124.4,182,925,32,156
615,90.3,354.5,124.4,182,925,32,156
616,92.2,362.1,125.0,179,916,32,157
617,94.0,369.6,123.5,186,939,32,158
618,95.9,377.3,123.5,186,939,32,160
619,97.8,384.8,123.8,184,934,32,161
620,99.6,392.0,125.7,176,906,32,161
621,101.5,399.6,124.7,180,921,32,161
622,103.4,407.2,123.5,186,939,32,162
623,105.3,414.8,123.5,186,939,32,162
624,107.0,421.9,125.1,179,915,34,163
625,109.1,429.8,127.8,168,877,30,164
626,111.0,437.8,125.1,179,915,30,164
627,113.0,445.5,123.9,184,933,31,164
628,114.9,453.2,123.9,184,933,31,164
629,116.7,460.5,124.4,182,925,31,165
630,118.6,467.9,126.9,171,889,32,165
631,120.5,475.4,127.4,169,882,32,165
632,122.4,483.1,127.2,170,885,30,165
633,124.4,490.8,126.7,172,892,31,165
634,126.4,498.6,127.0,171,888,30,166
635,128.3,506.4,127.0,171,888,30,167
636,130.3,514.2,125.9,175,903,31,167
637,132.2,521.9,125.9,175,903,31,168
638,134.2,529.8,126.7,172,892,31,168
639,136.3,538.0,126.2,174,899,30,169
640,138.4,546.2,126.2,174,899,30,169
641,140.3,554.1,125.5,177,909,31,169
642,142.2,561.6,125.5,177,909,31,170
643,144.2,569.8,125.5,177,909,32,170
644,146.2,577.7,124.0,184,931,30,169
645,148.2,585.7,125.0,179,916,30,170
646,150.1,593.3,123.7,185,936,32,170
647,152.1,601.7,123.3,187,942,29,170
648,154.0,609.7,123.3,187,942,29,170
649,156.0,617.8,121.3,196,974,31,170
650,158.0,626.2,120.1,202,995,30,170
651,159.9,634.3,118.1,212,1031,31,170
652,161.9,642.7,121.1,197,978,30,170
653,164.0,650.8,121.1,197,978,30,170
654,165.9,658.8,123.5,186,939,30,170
655,167.9,666.9,125.2,178,913,30,171
656,170.0,675.0,125.2,178,913,30,172
657,172.0,683.0,126.1,175,900,29,172
658,174.0,691.1,125.6,177,907,30,173
659,176.0,699.3,125.6,177,907,30,173
660,178.1,707.4,125.1,179,915,29,173
661,180.0,715.1,125.1,179,915,29,173
662,182.0,723.1,124.6,181,922,30,173
663,184.0,731.1,125.5,177,909,30,173
664,186.0,739.2,125.5,177,909,30,174
665,188.0,746.7,129.5,161,854,30,175
666,189.9,754.1,132.2,151,821,31,175
667,191.9,761.4,132.6,150,816,31,175
668,193.8,768.9,132.6,150,816,31,175
669,195.8,776.6,128.0,167,874,31,175
670,197.8,784.8,124.3,182,927,30,175
671,199.7,792.6,124.3,182,927,30,174
672,201.6,800.6,120.0,203,997,32,173
673,203.6,809.2,120.0,203,997,32,173
674,205.6,817.3,119.3,206,1009,31,173
675,207.6,825.6,119.3,206,1009,31,173
676,209.5,833.7,119.8,204,1000,31,173
677,211.3,841.5,118.8,209,1018,32,173
678,213.3,850.1,117.6,215,1040,30,174
679,215.2,858.1,115.5,227,1081,32,173
680,217.1,866.5,115.5,227,1081,32,174
681,219.0,874.8,115.0,230,1092,31,174
682,220.8,882.6,117.2,217,1048,33,174
683,222.8,890.8,117.2,217,1048,33,174
684,224.7,898.7,122.0,193,963,31,174
685,226.6,906.6,122.0,193,963,31,174
686,228.4,913.8,119.4,206,1007,35,174
687,230.2,921.9,113.4,240,1126,33,175
688,232.1,929.7,113.4,240,1126,33,175
689,233.9,937.4,122.7,189,952,32,176
690,235.8,945.1,121.7,194,968,32,176
691,237.7,952.9,121.7,194,968,32,177
692,239.6,960.7,122.4,191,956,31,177
693,242.5,968.8,145.1,115,694,31,177
694,244.9,976.0,145.1,115,694,31,177
695,247.3,982.8,182.9,57,496,31,178
696,249.8,989.3,190.8,50,473,31,179
697,252.4,995.9,196.7,46,458,31,178
698,253.9,1011.1,320.6,11,336,31,174
699,256.4,1016.4,246.7,23,380,31,171
700,258.8,1022.2,207.4,39,435,31,170
701,261.2,1028.2,196.6,46,458,31,168
702,263.7,1034.9,193.6,48,466,31,166
703,266.2,1041.1,193.6,48,466,31,163
704,268.6,1047.5,192.8,49,468,31,162
705,271.1,1053.7,195.0,47,462,31,161
706,273.5,1060.0,195.0,47,462,31,159
707,275.9,1066.1,195.9,47,460,31,157
708,278.3,1072.1,198.4,45,454,31,154
709,280.6,1078.0,201.5,43,447,31,153
710,283.1,1084.1,201.5,43,447,31,153
711,285.6,1090.6,202.0,42,446,31,151
712,287.9,1096.7,197.8,45,455,31,150
713,290.3,1103.1,189.7,51,476,31,147
714,292.5,1109.2,183.5,57,494,31,147
715,294.8,1115.3,186.6,54,485,31,147
716,297.2,1121.8,185.0,55,490,31,145
717,299.6,1128.4,185.0,55,490,31,145
718,302.0,1135.0,183.0,57,496,31,143
719,304.3,1141.5,180.1,60,506,31,142
720,306.6,1148.0,180.4,60,505,31,142
721,309.0,1154.8,176.2,64,520,31,141
722,311.4,1161.7,176.2,64,520,31,140
723,313.8,1168.8,171.4,70,539,31,139
724,316.2,1175.8,169.5,72,547,31,138
725,318.6,1183.0,169.5,72,547,31,137
726,321.0,1190.3,165.7,77,564,31,135
727,323.3,1197.3,165.7,77,564,31,135
728,325.6,1204.1,166.8,75,559,31,134
729,327.9,1211.2,168.5,73,551,31,134
730,330.2,1218.4,163.7,80,574,31,134
731,332.5,1225.5,161.8,83,584,31,133
732,334.8,1232.8,161.9,82,583,31,133
733,337.3,1240.4,161.5,83,585,31,132
734,339.5,1247.5,160.7,84,590,31,133
735,341.9,1254.9,158.8,87,600,31,132
736,344.2,1262.2,158.8,87,600,31,132
737,346.5,1269.5,159.6,86,596,31,132
738,348.9,1277.2,157.7,89,607,31,132
739,351.4,1285.1,157.7,89,607,31,133
740,353.8,1292.7,159.5,86,596,31,132
741,356.2,1300.4,159.5,86,596,31,133
742,358.6,1307.8,158.9,87,600,31,133
743,361.0,1315.3,162.4,82,581,31,132
744,363.4,1322.6,162.4,82,581,31,132
745,365.7,1329.9,163.7,80,574,31,132
746,368.1,1337.2,162.8,81,579,31,132
747,370.4,1344.2,166.9,75,559,31,131
748,372.8,1351.2,171.0,70,540,31,132
749,375.1,1357.9,171.6,69,538,31,133
750,377.4,1364.8,172.7,68,533,31,133
751,379.8,1371.8,173.2,67,531,31,133
752,382.3,1379.1,173.2,67,531,31,135
753,384.7,1386.1,173.7,67,529,31,135
754,387.1,1393.1,173.7,67,529,31,133
755,389.6,1400.3,171.7,69,537,31,133
756,392.0,1407.2,171.7,69,537,31,133
757,394.4,1414.4,171.7,69,537,31,133
758,396.8,1421.6,172.3,68,535,31,133
759,399.3,1428.8,172.3,68,535,31,133
760,401.7,1436.2,166.8,75,559,31,133
761,404.2,1443.8,167.4,75,556,31,131
